vic-nez-jen-zakriveni-skolioza-a-jeji-komplexni-reseni	https://www.prosapiens.cz/wp-content/uploads/2022/02/53FA0C7D-49D7-458D-8938-6BE268A247DC.jpg
vic-nez-jen-zakriveni-skolioza-a-jeji-komplexni-reseni	https://www.prosapiens.cz/wp-content/uploads/2022/02/Mat%CC%8Cka-Mis%CC%8Ci%CC%81kova%CC%81-ko%CC%81pia.jpeg
narativ-anatomie	https://www.prosapiens.cz/wp-content/uploads/2022/04/logo-horizontal.png
fascia	https://www.prosapiens.cz/wp-content/uploads/2022/05/2016_FTVSUK_LINKA_1000x280_02.jpeg
fascia	https://www.prosapiens.cz/wp-content/uploads/2022/05/2425935-edited-1.jpg
kde-fascie-zacala	https://www.prosapiens.cz/wp-content/uploads/2022/05/43194.jpg
fascia-ocima-odborniku	https://www.prosapiens.cz/wp-content/uploads/2022/05/43685876._UY500_SS500_.jpg
narativ-anatomie	https://www.prosapiens.cz/wp-content/uploads/2022/05/5291.jpg
fascia	https://www.prosapiens.cz/wp-content/uploads/2022/05/600obalov.jpg
fascia-ocima-odborniku	https://www.prosapiens.cz/wp-content/uploads/2022/05/61fsrWpv2gL._SX402_BO1204203200_.jpg
5-fascii-jsou-iba-bunky	https://www.prosapiens.cz/wp-content/uploads/2022/05/70A4A5DD-42BF-4827-A42A-5C9020BC274F.jpg
narativ-anatomie	https://www.prosapiens.cz/wp-content/uploads/2022/05/epitometocrop.jpeg
fascia	https://www.prosapiens.cz/wp-content/uploads/2022/05/image-1.png
z-ceho-je-stvorena-fascie	https://www.prosapiens.cz/wp-content/uploads/2022/05/image-2.png
5-fascii-jsou-iba-bunky	https://www.prosapiens.cz/wp-content/uploads/2022/07/4775.jpg
5-fascii-jsou-iba-bunky	https://www.prosapiens.cz/wp-content/uploads/2022/07/5411455.jpeg
5-fascii-jsou-iba-bunky	https://www.prosapiens.cz/wp-content/uploads/2022/07/AdobeStock_117757375.jpeg
vlaknamedzibunecnehmoty	https://www.prosapiens.cz/wp-content/uploads/2022/07/Layer-1.jpg
vlaknamedzibunecnehmoty	https://www.prosapiens.cz/wp-content/uploads/2022/07/Ro%CC%82zne-typy-1.png
vlaknamedzibunecnehmoty	https://www.prosapiens.cz/wp-content/uploads/2022/07/elasticka%CC%81-vla%CC%81kna-edited-1.png
zivotni-prostredi-nasich-bunek	https://www.prosapiens.cz/wp-content/uploads/2022/07/hal-gatewood-OgvqXGL7XO4-unsplash.jpeg
vlastnosti-fascie-2-cast	https://www.prosapiens.cz/wp-content/uploads/2022/07/masa%CC%81z%CC%8C.jpeg
zivotni-prostredi-nasich-bunek	https://www.prosapiens.cz/wp-content/uploads/2022/07/national-cancer-institute-L7en7Lb-Ovc-unsplash.jpeg
zivotni-prostredi-nasich-bunek	https://www.prosapiens.cz/wp-content/uploads/2022/07/national-cancer-institute-W2OVh2w2Kpo-unsplash.jpeg
zivotni-prostredi-nasich-bunek	https://www.prosapiens.cz/wp-content/uploads/2022/07/scott-webb-Q3Hrvu9n3e8-unsplash.jpeg
vlastnosti-fascie	https://www.prosapiens.cz/wp-content/uploads/2022/07/strec%CC%8Cing.jpeg
vlastnosti-fascie-2-cast	https://www.prosapiens.cz/wp-content/uploads/2022/07/tre%CC%81ning-vo-fitku.jpeg
vlaknamedzibunecnehmoty	https://www.prosapiens.cz/wp-content/uploads/2022/08/Sni%CC%81mka-obrazovky-2022-08-05-o-11.04.46.png
funkce-fasce-1-cast	https://www.prosapiens.cz/wp-content/uploads/2022/09/5411457.jpg
funkce-fasce-1-cast	https://www.prosapiens.cz/wp-content/uploads/2022/09/7586.jpg
funkce-fasce-1-cast	https://www.prosapiens.cz/wp-content/uploads/2022/09/AdobeStock_110864012-1.jpeg
funkce-fasce-1-cast	https://www.prosapiens.cz/wp-content/uploads/2022/09/AdobeStock_215302219cerebrospina%CC%81l-os.jpeg
funkce-fasce-1-cast	https://www.prosapiens.cz/wp-content/uploads/2022/09/Obra%CC%81zok1.jpg
zdravy-funkcny-silovy-trening	https://www.prosapiens.cz/wp-content/uploads/2023/03/AdobeStock_313397034.jpeg
zdravy-funkcny-silovy-trening	https://www.prosapiens.cz/wp-content/uploads/2023/03/AdobeStock_561515971.jpeg
zdravy-funkcny-silovy-trening	https://www.prosapiens.cz/wp-content/uploads/2023/03/AdobeStock_91216983.jpeg
zdravy-funkcny-silovy-trening	https://www.prosapiens.cz/wp-content/uploads/2023/03/DSC05973.jpg
hypoteza-anatomy-trains	https://www.prosapiens.cz/wp-content/uploads/2023/03/image-1.jpeg
hypoteza-anatomy-trains	https://www.prosapiens.cz/wp-content/uploads/2023/03/image-2.jpeg
hypoteza-anatomy-trains	https://www.prosapiens.cz/wp-content/uploads/2023/03/image-3.jpeg
hypoteza-anatomy-trains	https://www.prosapiens.cz/wp-content/uploads/2023/03/image.jpeg
anatomicke-vlaky	https://www.prosapiens.cz/wp-content/uploads/2023/03/image.png
jak-vznikaji-anatomy-trains-podle-pravidel	https://www.prosapiens.cz/wp-content/uploads/2023/04/Snimka-obrazovky-2023-04-10-o-18.08.19.png
jak-vznikaji-anatomy-trains-podle-pravidel	https://www.prosapiens.cz/wp-content/uploads/2023/04/image-1.jpeg
jak-vznikaji-anatomy-trains-podle-pravidel	https://www.prosapiens.cz/wp-content/uploads/2023/04/image.jpeg
prekonani-bolesti-zad-jak-se-dostat-na-spravnou-cestu-ke-zdravi	https://www.prosapiens.cz/wp-content/uploads/2023/05/AdobeStock_371103285.jpeg
prekonani-bolesti-zad-jak-se-dostat-na-spravnou-cestu-ke-zdravi	https://www.prosapiens.cz/wp-content/uploads/2023/05/AdobeStock_512524679.jpeg
prekonani-bolesti-zad-jak-se-dostat-na-spravnou-cestu-ke-zdravi	https://www.prosapiens.cz/wp-content/uploads/2023/05/AdobeStock_582839645.jpeg
prekonani-bolesti-zad-jak-se-dostat-na-spravnou-cestu-ke-zdravi	https://www.prosapiens.cz/wp-content/uploads/2023/05/AdobeStock_65063337.jpeg
prekonani-bolesti-zad-jak-se-dostat-na-spravnou-cestu-ke-zdravi	https://www.prosapiens.cz/wp-content/uploads/2023/05/DSC06382-2.jpg
prekonani-bolesti-zad-jak-se-dostat-na-spravnou-cestu-ke-zdravi	https://www.prosapiens.cz/wp-content/uploads/2023/05/DSC06387-1.jpg
zdravi-krcni-patere-prevence-lecba-a-pece	https://www.prosapiens.cz/wp-content/uploads/2023/12/test-na-hormony.jpeg
spiral-line	https://www.prosapiens.cz/wp-content/uploads/2024/02/Snimka-obrazovky-2023-08-23-o-12.18.49.png
superficial-back-line	https://www.prosapiens.cz/wp-content/uploads/2024/02/Snimka-obrazovky-2024-02-21-o-18.39.58.png
superficial-back-line	https://www.prosapiens.cz/wp-content/uploads/2024/02/Snimka-obrazovky-2024-02-21-o-18.45.49.png
superficial-back-line	https://www.prosapiens.cz/wp-content/uploads/2024/02/Snimka-obrazovky-2024-02-21-o-18.51.11.png
superficial-back-line	https://www.prosapiens.cz/wp-content/uploads/2024/02/Snimka-obrazovky-2024-02-21-o-18.55.39.png
superficial-back-line	https://www.prosapiens.cz/wp-content/uploads/2024/02/Snimka-obrazovky-2024-02-21-o-18.57.34.png
superficial-back-line	https://www.prosapiens.cz/wp-content/uploads/2024/02/Snimka-obrazovky-2024-02-21-o-18.58.47.png
superficial-back-line	https://www.prosapiens.cz/wp-content/uploads/2024/02/Snimka-obrazovky-2024-02-21-o-19.02.34.png
superficial-back-line	https://www.prosapiens.cz/wp-content/uploads/2024/02/Snimka-obrazovky-2024-02-21-o-19.05.04-1.png
superficial-back-line	https://www.prosapiens.cz/wp-content/uploads/2024/02/Snimka-obrazovky-2024-02-21-o-19.06.06-1.png
superficial-back-line	https://www.prosapiens.cz/wp-content/uploads/2024/02/Snimka-obrazovky-2024-02-21-o-19.06.57-1.png
superficial-back-line	https://www.prosapiens.cz/wp-content/uploads/2024/02/Snimka-obrazovky-2024-02-21-o-19.08.03-1.png
superficial-back-line	https://www.prosapiens.cz/wp-content/uploads/2024/02/Snimka-obrazovky-2024-02-21-o-19.08.43.png
superficial-back-line	https://www.prosapiens.cz/wp-content/uploads/2024/02/Snimka-obrazovky-2024-02-21-o-19.09.26-1.png
superficial-back-line	https://www.prosapiens.cz/wp-content/uploads/2024/02/Snimka-obrazovky-2024-02-21-o-19.10.40.png
superficial-front-line	https://www.prosapiens.cz/wp-content/uploads/2024/02/Snimka-obrazovky-2024-02-25-o-16.17.15.png
superficial-front-line	https://www.prosapiens.cz/wp-content/uploads/2024/02/Snimka-obrazovky-2024-02-25-o-16.17.35.png
superficial-front-line	https://www.prosapiens.cz/wp-content/uploads/2024/02/Snimka-obrazovky-2024-02-25-o-16.20.50.png
superficial-front-line	https://www.prosapiens.cz/wp-content/uploads/2024/02/Snimka-obrazovky-2024-02-25-o-16.21.00.png
superficial-front-line	https://www.prosapiens.cz/wp-content/uploads/2024/02/Snimka-obrazovky-2024-02-25-o-16.22.25.png
superficial-front-line	https://www.prosapiens.cz/wp-content/uploads/2024/02/Snimka-obrazovky-2024-02-25-o-16.28.59.png
superficial-front-line	https://www.prosapiens.cz/wp-content/uploads/2024/02/Snimka-obrazovky-2024-02-25-o-16.46.20.png
superficial-front-line	https://www.prosapiens.cz/wp-content/uploads/2024/02/Snimka-obrazovky-2024-02-26-o-20.34.16.png
lateral-line	https://www.prosapiens.cz/wp-content/uploads/2024/02/Snimka-obrazovky-2024-02-27-o-15.34.36.png
lateral-line	https://www.prosapiens.cz/wp-content/uploads/2024/02/Snimka-obrazovky-2024-02-27-o-15.51.36.png
lateral-line	https://www.prosapiens.cz/wp-content/uploads/2024/02/Snimka-obrazovky-2024-02-27-o-15.52.25.png
spiral-line	https://www.prosapiens.cz/wp-content/uploads/2024/02/Snimka-obrazovky-2024-02-28-o-18.07.58.png
spiral-line	https://www.prosapiens.cz/wp-content/uploads/2024/02/Snimka-obrazovky-2024-02-28-o-18.09.10.png
spiral-line	https://www.prosapiens.cz/wp-content/uploads/2024/02/Snimka-obrazovky-2024-02-28-o-18.13.37.png
lateral-line	https://www.prosapiens.cz/wp-content/uploads/2024/02/adobe.stock_.jpg
superficial-front-line	https://www.prosapiens.cz/wp-content/uploads/2024/02/image.jpeg
arm-lines	https://www.prosapiens.cz/wp-content/uploads/2024/03/Snimka-obrazovky-2024-03-04-o-19.45.45.png
arm-lines	https://www.prosapiens.cz/wp-content/uploads/2024/03/Snimka-obrazovky-2024-03-08-o-17.55.45.png
arm-lines	https://www.prosapiens.cz/wp-content/uploads/2024/03/Snimka-obrazovky-2024-03-08-o-18.55.53.png
deep-front-line	https://www.prosapiens.cz/wp-content/uploads/2024/03/Snimka-obrazovky-2024-03-24-o-12.05.51.png
deep-front-line	https://www.prosapiens.cz/wp-content/uploads/2024/03/Snimka-obrazovky-2024-04-24-o-17.52.25.png
deep-front-line	https://www.prosapiens.cz/wp-content/uploads/2024/04/Snimka-obrazovky-2024-04-14-o-12.47.04.png
deep-front-line	https://www.prosapiens.cz/wp-content/uploads/2024/04/Snimka-obrazovky-2024-04-24-o-17.40.02.png
deep-front-line	https://www.prosapiens.cz/wp-content/uploads/2024/05/Background.png
deep-front-line	https://www.prosapiens.cz/wp-content/uploads/2024/05/Snimka-obrazovky-2024-04-14-o-12.34.11-edited.png
deep-front-line	https://www.prosapiens.cz/wp-content/uploads/2024/05/Snimka-obrazovky-2024-05-02-o-11.31.08.png
deep-front-line	https://www.prosapiens.cz/wp-content/uploads/2024/05/Snimka-obrazovky-2024-05-13-o-12.08.19.png
deep-front-line	https://www.prosapiens.cz/wp-content/uploads/2024/05/Snimka-obrazovky-2024-05-13-o-12.15.04.png
deep-front-line	https://www.prosapiens.cz/wp-content/uploads/2024/05/Snimka-obrazovky-2024-05-13-o-12.22.27.png
deep-front-line	https://www.prosapiens.cz/wp-content/uploads/2024/05/Snimka-obrazovky-2024-05-13-o-17.17.43.png
biotensegrita	https://www.prosapiens.cz/wp-content/uploads/2024/06/image-1.jpeg
biotensegrita	https://www.prosapiens.cz/wp-content/uploads/2024/06/image-1.png
biotensegrita	https://www.prosapiens.cz/wp-content/uploads/2024/06/image-10.jpeg
biotensegrita	https://www.prosapiens.cz/wp-content/uploads/2024/06/image-10.png
biotensegrita	https://www.prosapiens.cz/wp-content/uploads/2024/06/image-2.jpeg
biotensegrita	https://www.prosapiens.cz/wp-content/uploads/2024/06/image-3.jpeg
biotensegrita	https://www.prosapiens.cz/wp-content/uploads/2024/06/image-3.png
biotensegrita	https://www.prosapiens.cz/wp-content/uploads/2024/06/image-4.jpeg
biotensegrita	https://www.prosapiens.cz/wp-content/uploads/2024/06/image-4.png
biotensegrita	https://www.prosapiens.cz/wp-content/uploads/2024/06/image-5.jpeg
biotensegrita	https://www.prosapiens.cz/wp-content/uploads/2024/06/image-5.png
biotensegrita	https://www.prosapiens.cz/wp-content/uploads/2024/06/image-6.jpeg
biotensegrita	https://www.prosapiens.cz/wp-content/uploads/2024/06/image-6.png
biotensegrita	https://www.prosapiens.cz/wp-content/uploads/2024/06/image-7.jpeg
biotensegrita	https://www.prosapiens.cz/wp-content/uploads/2024/06/image-7.png
biotensegrita	https://www.prosapiens.cz/wp-content/uploads/2024/06/image-8.jpeg
biotensegrita	https://www.prosapiens.cz/wp-content/uploads/2024/06/image-9.jpeg
biotensegrita	https://www.prosapiens.cz/wp-content/uploads/2024/06/image-9.png
biotensegrita	https://www.prosapiens.cz/wp-content/uploads/2024/06/image.jpeg
biotensegrita	https://www.prosapiens.cz/wp-content/uploads/2024/06/image.png
beyond-fitness-beyond-money	https://www.prosapiens.cz/wp-content/uploads/2025/03/20250331_2133_Visionaries-in-Isolation_simple_compose_01jqpv3dj0f969chavd70s6dtb-1.png
beyond-fitness-beyond-money	https://www.prosapiens.cz/wp-content/uploads/2025/03/Snimka-obrazovky-2025-03-31-o-21.39.44.png
beyond-fitness-beyond-money	https://www.prosapiens.cz/wp-content/uploads/2025/04/20250404_1519_Minds-Renewal_simple_compose_01jr0f9e61f8cvpk2mjw3ba91n-2.png
beyond-fitness-beyond-money	https://www.prosapiens.cz/wp-content/uploads/2025/04/20250404_1545_Kontrastni-Postava_simple_compose_01jr0gsyxvfhmbmdff8yztv1cw.png
beyond-fitness-beyond-money	https://www.prosapiens.cz/wp-content/uploads/2025/04/20250404_1547_Rozcesti-Volby-a-Svobody_simple_compose_01jr0gxhymfh8aghrah5aebz2p-5.png
beyond-fitness-beyond-money	https://www.prosapiens.cz/wp-content/uploads/2025/04/20250404_1550_Bio-cyber-harmonie_simple_compose_01jr0h3925fw2bsqqd0zyh8tfx-1.png
beyond-fitness-beyond-money	https://www.prosapiens.cz/wp-content/uploads/2025/04/20250404_1559_Bitcoinova-Energie-Lidskosti_simple_compose_01jr0hkq6efv3tp89xjcgtr286-1.png
beyond-fitness-beyond-money	https://www.prosapiens.cz/wp-content/uploads/2025/04/20250404_1602_Konfrontace-Ve-Smogu_simple_compose_01jr0hqn97ev8vc87pm6rdhc89.png
beyond-fitness-beyond-money	https://www.prosapiens.cz/wp-content/uploads/2025/04/20250404_1613_Priorita-vuci-chaosu_simple_compose_01jr0jde54feg8302wn1t6bz2j-1.png
beyond-fitness-beyond-money	https://www.prosapiens.cz/wp-content/uploads/2025/04/20250404_1615_Volba-na-Rozcesti_simple_compose_01jr0jgt59ec4a366z7mddbj7n-2.png
beyond-fitness-beyond-money	https://www.prosapiens.cz/wp-content/uploads/2025/04/20250404_1618_Prechod-do-Svetla_simple_compose_01jr0jpfjjfgkvrk2mq67zzcmq-1.png
beyond-fitness-beyond-money	https://www.prosapiens.cz/wp-content/uploads/2025/04/20250404_1638_Transformace-Stroj-Lidske-Telo_simple_compose_01jr0ksnkjf0b85c1yp8049za0-1.png
beyond-fitness-beyond-money	https://www.prosapiens.cz/wp-content/uploads/2025/04/20250404_1640_Kritika-nebo-Reseni_simple_compose_01jr0kyhyregpagvsmh7dhxvft-1.png
beyond-fitness-beyond-money	https://www.prosapiens.cz/wp-content/uploads/2025/04/20250404_1703_Rozdelena-Krajina-Bitcoinu_simple_compose_01jr0n8rq0e7eapfa3jkwh5rp9-1.png
beyond-fitness-beyond-money	https://www.prosapiens.cz/wp-content/uploads/2025/04/20250404_1707_Rozcesti-v-Mlhave-Krajine_simple_compose_01jr0nfrhpexyvb02h2r116z04-1.png
beyond-fitness-beyond-money	https://www.prosapiens.cz/wp-content/uploads/2025/04/20250404_1711_Sila-a-Kryptomena_simple_compose_01jr0nq3vrevksk9qsrwmhgv7x-1.png
beyond-fitness-beyond-money	https://www.prosapiens.cz/wp-content/uploads/2025/04/20250404_1731_Futuristic-Biomechanical-Figure_simple_compose_01jr0ptsr0fjjvfzrgeqkpb72n-3.png
beyond-fitness-beyond-money	https://www.prosapiens.cz/wp-content/uploads/2025/04/20250404_1736_Floating-Knowledge-Orbs_simple_compose_01jr0q4n0af1ctc03np67yga38-1.png
beyond-fitness-beyond-money	https://www.prosapiens.cz/wp-content/uploads/2025/04/20250404_1746_Nurturing-Times-Seed_simple_compose_01jr0qqq2ffpt9n0evrjrwezk1-3.png
beyond-fitness-beyond-money	https://www.prosapiens.cz/wp-content/uploads/2025/04/20250404_1753_Reflective-Flag-Landscape_simple_compose_01jr0r4d30e418ps7667z3d53j-2.png
odstavajici-lopatky	https://www.prosapiens.cz/wp-content/uploads/2025/11/AdobeStock_1552040621-1.jpeg
proc-v-prosapiens-ucime-pouzivat-bitcoin	https://www.prosapiens.cz/wp-content/uploads/2025/11/AdobeStock_164507088.jpeg
anterior-pelvic-tilt	https://www.prosapiens.cz/wp-content/uploads/2025/11/AdobeStock_1778406081-1.jpeg
odstavajici-lopatky	https://www.prosapiens.cz/wp-content/uploads/2025/11/AdobeStock_389896350-1.jpeg
proc-v-prosapiens-ucime-pouzivat-bitcoin	https://www.prosapiens.cz/wp-content/uploads/2025/11/AdobeStock_420594094.jpeg
odstavajici-lopatky	https://www.prosapiens.cz/wp-content/uploads/2025/11/AdobeStock_487792704-1.jpeg
proc-v-prosapiens-ucime-pouzivat-bitcoin	https://www.prosapiens.cz/wp-content/uploads/2025/11/AdobeStock_489856458-1.jpeg
predsunuta-hlava	https://www.prosapiens.cz/wp-content/uploads/2025/11/AdobeStock_565597687-1.jpeg
anterior-pelvic-tilt	https://www.prosapiens.cz/wp-content/uploads/2025/11/AdobeStock_686956793-1-edited-scaled.png
proc-v-prosapiens-ucime-pouzivat-bitcoin	https://www.prosapiens.cz/wp-content/uploads/2025/11/DSC01052-edited.jpg
proc-v-prosapiens-ucime-pouzivat-bitcoin	https://www.prosapiens.cz/wp-content/uploads/2025/11/DSC02013.jpg
proc-v-prosapiens-ucime-pouzivat-bitcoin	https://www.prosapiens.cz/wp-content/uploads/2025/11/DSC02018-edited.jpg
anterior-pelvic-tilt	https://www.prosapiens.cz/wp-content/uploads/2025/11/DSC05559-1.jpg
anterior-pelvic-tilt	https://www.prosapiens.cz/wp-content/uploads/2025/11/DSC07458.jpg
predsunuta-hlava	https://www.prosapiens.cz/wp-content/uploads/2025/11/DSC08417-1.jpg
proc-v-prosapiens-ucime-pouzivat-bitcoin	https://www.prosapiens.cz/wp-content/uploads/2025/11/IMG_0073-769x1024.jpg
proc-v-prosapiens-ucime-pouzivat-bitcoin	https://www.prosapiens.cz/wp-content/uploads/2025/11/IMG_20190612_142836.jpg
proc-v-prosapiens-ucime-pouzivat-bitcoin	https://www.prosapiens.cz/wp-content/uploads/2025/11/IMG_5256-769x1024.jpg
predsunuta-hlava	https://www.prosapiens.cz/wp-content/uploads/2025/11/IMG_8209.png
proc-v-prosapiens-ucime-pouzivat-bitcoin	https://www.prosapiens.cz/wp-content/uploads/2025/11/IMG_8778-1024x576.jpg
proc-v-prosapiens-ucime-pouzivat-bitcoin	https://www.prosapiens.cz/wp-content/uploads/2025/11/JAP_3592.jpg
predsunuta-hlava	https://www.prosapiens.cz/wp-content/uploads/2025/11/Snimka-obrazovky-2024-01-07-o-13.06.34-1.png
odstavajici-lopatky	https://www.prosapiens.cz/wp-content/uploads/2025/11/Snimka-obrazovky-2025-07-29-o-18.14.16-1.png
proc-v-prosapiens-ucime-pouzivat-bitcoin	https://www.prosapiens.cz/wp-content/uploads/2025/11/Snimka-obrazovky-2025-11-30-o-20.10.31-1.png
anterior-pelvic-tilt	https://www.prosapiens.cz/wp-content/uploads/2025/11/Titulka-na-podstranku4-1.jpg
anterior-pelvic-tilt	https://www.prosapiens.cz/wp-content/uploads/2025/11/giphy-1-1.gif
anterior-pelvic-tilt	https://www.prosapiens.cz/wp-content/uploads/2025/11/thinking-man.jpg
proc-cviceni-nezabere-na-bolest-zad	https://www.prosapiens.cz/wp-content/uploads/2026/04/DSC09343.jpg
proc-cviceni-nezabere-na-bolest-zad	https://www.prosapiens.cz/wp-content/uploads/2026/04/DSC09632.jpg
proc-cviceni-nezabere-na-bolest-zad	https://www.prosapiens.cz/wp-content/uploads/2026/04/Snimek-obrazovky-2026-04-08-v-11.44.41.png
proc-cviceni-nezabere-na-bolest-zad	https://www.prosapiens.cz/wp-content/uploads/2026/04/Snimek-obrazovky-2026-04-08-v-12.17.59.png
proc-cviceni-nezabere-na-bolest-zad	https://www.prosapiens.cz/wp-content/uploads/2026/04/Snimek-obrazovky-2026-04-08-v-16.52.31-edited.png
proc-cviceni-nezabere-na-bolest-zad	https://www.prosapiens.cz/wp-content/uploads/2026/04/Snimek-obrazovky-2026-04-08-v-16.56.16.png
proc-nemohu-dychat-do-bricha	https://www.prosapiens.cz/wp-content/uploads/2026/05/DSC09303.jpg
pohybovy-vzorec-a-bolest	https://www.prosapiens.cz/wp-content/uploads/2026/05/DSC09370.jpg
branicni-dech-proc-nefunguje	https://www.prosapiens.cz/wp-content/uploads/2026/05/DSC09448.jpg
proc-nemohu-dychat-do-bricha	https://www.prosapiens.cz/wp-content/uploads/2026/05/generated-image-1-1.png
branicni-dech-proc-nefunguje	https://www.prosapiens.cz/wp-content/uploads/2026/05/generated-image-10.png
proc-nemohu-dychat-do-bricha	https://www.prosapiens.cz/wp-content/uploads/2026/05/generated-image-2.png
branicni-dech-proc-nefunguje	https://www.prosapiens.cz/wp-content/uploads/2026/05/generated-image-8.png
branicni-dech-proc-nefunguje	https://www.prosapiens.cz/wp-content/uploads/2026/05/generated-image-9.png
proc-nemohu-dychat-do-bricha	https://www.prosapiens.cz/wp-content/uploads/2026/05/generated-image.png
pohybovy-vzorec-a-bolest	https://www.prosapiens.cz/wp-content/uploads/2026/05/hf_20260525_101130_35681c67-4d49-4cb5-91ce-0677788155ef-1.png
pohybovy-vzorec-a-bolest	https://www.prosapiens.cz/wp-content/uploads/2026/05/hf_20260525_101137_19b3c9aa-c079-4624-9134-6f2375655a2f-1.png
pohybovy-vzorec-a-bolest	https://www.prosapiens.cz/wp-content/uploads/2026/05/hf_20260525_101145_4e37398d-162a-4689-88d2-9b91b8c2fc8a-1.png
pohybovy-vzorec-a-bolest	https://www.prosapiens.cz/wp-content/uploads/2026/05/hf_20260525_101152_1125feb1-f13e-4e89-a712-673c8ffe366f-1.png
pohybovy-vzorec-a-bolest	https://www.prosapiens.cz/wp-content/uploads/2026/05/hf_20260525_101500_2017e3a3-2ca6-4305-9c18-cb83575c48cc-1.png
pohybovy-vzorec-a-bolest	https://www.prosapiens.cz/wp-content/uploads/2026/05/hf_20260525_101508_1fec1bdf-6e40-4468-aa4b-b00835b02adb-1.png
